,Q Peak Average,R Peak Average,R Standard Deviation,S Peak Average,ST Elevation Average
0,-0.6438623156099903,0.9596200010051742,0.05404880276325528,-1.3204071467185798,0.09330960467716543
1,-0.6058257642443656,0.47659268672873,0.2250235095654636,-0.8380748565281045,0.11620010740972855
2,-0.691905751072169,0.1382576064513523,0.10272540871202096,-0.6885240397078066,0.2364283131191943
3,-0.6841155228729722,0.584831385073603,0.21290436902079776,-0.894379870017639,0.11537709963934238
4,-0.5642663613430161,0.1813865282098589,0.05741527415768696,-0.528681039216672,0.16974452689227687
5,-0.6402236036358555,0.3673307283689183,0.11102979949536228,-0.8154709616565132,0.30490603523980364
6,-0.7286710504243449,0.15205168003946398,0.043504455898996805,-0.5958101659610346,0.08830633438539791
7,-0.6047062008778493,0.5464002009403932,0.191580102353178,-0.7495418667703797,0.3393385560224126
8,-0.5697143068306165,0.21017137110589365,0.06555776802904581,-0.522511726101607,0.21692117153766294
9,-0.8171325890749008,0.2752834464546763,0.06628071109583879,-0.5402094602766592,0.2686441307939729
10,-0.711141214780173,0.224375370100992,0.05174867693243543,-0.7273658083640664,0.26487724836774806
11,-0.7996489377252146,0.2133048377489072,0.0573818898244549,-0.5882124716053825,0.23674208718873
12,-0.6688695674904528,0.2505225008743897,0.062489094633127275,-0.6849950475561237,0.13402188811061141
13,-0.7941628518958003,0.2829909169391641,0.09844820320352067,-0.8313247080916422,0.3471008292756352
14,-0.7714311211129221,0.329234251774519,0.09724036583524136,-0.8457291115168044,0.39365675877078354
15,-0.8494980297327627,0.3200561095146166,0.0581197499049016,-0.8235302904292465,0.3576561053455737
16,-0.6542379927154203,0.22015328513525,0.07357653480071945,-0.6647957275843772,0.19041860387512397
17,-0.6596699337801099,0.2321115272358945,0.08062744123540166,-0.6764474474637232,0.19438244529307153
18,-0.6340873135941906,0.669395019269161,0.17037318866416273,-0.851874386837482,0.2554511310895858
19,-0.6829611085326599,0.6957990242978329,0.10033915210972268,-0.9106415636342986,0.15941502995410725
20,-0.6569316680622485,0.2303007576091547,0.07079859185434112,-0.6727727067955841,0.2140992669488197
21,-0.603227662090485,0.4479488194127201,0.2498667478447821,-0.7543170172308493,0.1991424203416231
22,-0.6720576557606514,0.4164481605108342,0.05466504628754672,-0.8216407947451352,0.16977028428717766
23,-0.6341597672709194,0.133557712936783,0.03435893648407769,-0.6858628999720652,0.1773622132498157
24,-0.644870647043718,0.2033903803614696,0.06024933196217175,-0.6765417553533475,0.19960093464056572
25,-0.6782921218704081,0.3317770241336082,0.07661587891724389,-0.7060382424706816,0.17796403814497028
26,-0.6066610337774389,0.1908770263712276,0.049900826044234695,-0.6064354150802445,0.18834418442987322
27,-0.7762468368922352,1.3567052201131697,0.3124810770830919,-1.295390206129782,0.11023814324094942
28,-0.6781740502574676,0.5330623996946149,0.06864803485557322,-0.8342788942512455,0.17274314860533718
29,-0.6594175269817671,0.8180935905460669,0.09622312000594427,-1.029315597994902,0.11433572932786339
30,-0.662730152087997,0.8059407103864701,0.0907141930593262,-1.028636566019656,0.09837651737001152
31,-0.7077962021824183,0.9744044754503488,0.2439469630354279,-1.0391317866031748,0.22001233484432592
32,-0.6672653014372691,0.3323665172411102,0.1782940716044485,-0.7534242184562809,0.35082344606752136
33,-0.4985343985491745,0.4049525638229271,0.10847147264137713,-0.484602318845895,0.4331431132809105
34,-0.6813758783243742,0.1941293114314689,0.0685828339527301,-0.6686866041698889,0.19160619274393118
35,-0.6335887085252552,0.128906334814165,0.03384956451535709,-0.6761845475881646,0.1639743634322961
36,-0.8624808180744323,0.5281300607486608,0.043875988297222716,-0.791517838900507,0.2392028789372737
37,-0.539817057953506,0.3411810548086462,0.08790314166641998,-0.5432626061480721,0.3778565056199832
38,-0.453439145245263,0.3254358761254613,0.07780415444307685,-0.42375431026306054,0.43403424598710016
39,-0.821029487535442,0.4493615364594117,0.051501139292157744,-0.7852733727226122,0.21587482202521888
40,-0.6715300909467754,0.19315391280653765,0.06726410385771985,-0.7484619375964969,0.17513132631832307
41,-0.6674409156547583,0.17162959056288754,0.05701562161614612,-0.6898215158655816,0.18002425373504632
42,-0.6589288954471003,0.6232652126400403,0.13740931759080682,-0.908452753180695,0.1356271518900885
43,-0.8267639455401798,0.4926180796003497,0.050868354950858806,-0.8242054385291189,0.20594112743579276
44,-0.4813506376103618,0.2841862264539219,0.07715739132928441,-0.4654050196588818,0.3498211158710609
45,-0.686266165888085,0.2070604939480357,0.0701603083126841,-0.7910668776526812,0.2095717586032236
46,-0.7621304816444757,0.6068670266430275,0.03752240267098024,-0.7796817250222919,0.2150733582914311
47,-0.4426206223424185,0.3770552571735553,0.08737196816218575,-0.4087651796220494,0.43409625472083246
48,-0.6713375985341915,0.13311349458972824,0.03306671169756361,-0.5979590938653956,0.18026401933298167
49,-0.4916594789029916,0.3050349700884292,0.07825242067348083,-0.4815411225725129,0.3627442409023559
50,-0.6131971100890938,0.2787796712334793,0.08953390646055999,-0.6484756385818785,0.2430667848680845
51,-0.6592352802046643,0.5359086932996849,0.12611315968115913,-0.7576220036759065,0.2247151489574653
52,-0.5128837128046193,0.4373164225847597,0.1249055643629916,-0.6231471842637842,0.46404487090795743
53,-0.6429640578328931,0.15142128769115865,0.038022486442758616,-0.581536922831738,0.24207299876987898
54,-0.6771886001839712,0.5590885039330057,0.14653806989432838,-0.742736771844839,0.25674331668201655
55,-0.25718529727880995,0.5379388150189024,0.10187520055136892,-0.33278134123269365,0.5028946666604012
56,-0.5565259869725058,0.41620828342103705,0.10639303140241987,-0.35286147668732776,0.5080171146656428
57,-0.2716585456033412,0.5249394758150009,0.14299019697785476,-0.25189698102984037,0.6091962185433438
58,-0.6498099809359609,0.2735665405348756,0.07757397621177123,-0.710708891413957,0.22330530685436253
59,-0.6739184067643333,0.5026546095696404,0.15474987328035852,-0.648939272852213,0.3139527613632235
60,-0.6956563888954677,0.16570193149904774,0.055180944411965416,-0.6905016833401489,0.2406022908275548
61,-0.72813647504685,0.2433071001679372,0.1862169117793168,-0.7407276754156187,0.284135279559638
62,-0.6783109422127448,0.2497793408828187,0.06263835533812345,-0.6933797636992999,0.1668671531660209
63,-0.7335264211373547,0.14393351686208145,0.0415051552673468,-0.7253653760107047,0.22787201982111333
64,-0.4772995164650521,0.5472284056773068,0.1690320760223948,-0.6257521881106507,0.5438309612528304
65,-0.6570935049660469,0.2963821587814369,0.07904282885738251,-0.7515260534705421,0.1922271004515154
66,-0.5900513163551095,0.32801546799485426,0.10461632998125277,-0.7074273539882818,0.2921200194591433
67,-0.6733054232884788,0.4634505718015352,0.14389742361295982,-0.6086058092106056,0.37274552352037604
68,-0.6556091084736143,0.20972209619642573,0.0691845374348897,-0.6502049710095386,0.2937938922434583
69,-0.6305018193295319,0.17127171802656002,0.058542015934133364,-0.6286632851639536,0.20565881041705802
70,-0.7256783000836468,0.7202127332241519,0.11720442189241848,-0.8022483253942563,0.24471732792992998
71,-0.6201635147511155,0.3547535086688733,0.11668939459297145,-0.7476385460211339,0.33115682321505985
72,-0.6595030598895584,0.10900977473179768,0.028800561665810614,-0.6962700883433539,0.15726026796539216
73,-0.7324456328546387,0.13824463221639924,0.028270203662677258,-0.7193087695031356,0.21428201228248916
74,-0.6890842362076327,0.6415702042298828,0.07209469508564037,-0.8001021761680908,0.22352193915429217
75,-0.6759535831049904,0.6052642994509637,0.05019340065476025,-0.8141359119213425,0.15320231229952455
76,-0.549751530650902,0.21638953896152266,0.0534023690554091,-0.5365854076896495,0.309086497310574
77,-0.6387949024490701,0.2314109445832129,0.07111870644728056,-0.6996199878564214,0.12976618675008797
78,-0.6335616829062525,0.1791513299523221,0.05458711447367797,-0.6865812471841518,0.1834648985567625
79,-0.6806898216548685,0.5737528347466327,0.08578676566497878,-0.8090803715594597,0.19153164913518997
80,-0.6270330866293745,0.2810409009815397,0.06478703959258585,-0.6683533399903799,0.21145286400403057
81,-0.6606710734419409,0.2026773068671683,0.11204110262426356,-0.7139357056685368,0.17286588720073964
82,-0.6895778739250696,0.2499129939777985,0.06771133818756578,-0.6951014392481835,0.13901291810678382
83,-0.6362405706971519,0.3156326799733542,0.07909264991727158,-0.73449981623896,0.23902723065536338
84,-0.6770177309045614,0.35302956030070265,0.11162698822330903,-0.7506275176325033,0.18148695138685672
85,-0.632758517560671,0.17094818087079852,0.10351621472492106,-0.6723490005591559,0.1868165260633918
86,-0.314831410609904,0.4749972025163259,0.10715352446904458,-0.25499581014571376,0.5529492973973932
87,-0.6559283564714347,0.3762456581593176,0.11751904864949594,-0.7429876329577974,0.19434455058140027
88,-0.6418064959544902,0.194811135276384,0.05746833689293807,-0.691247621337519,0.17220210310328796
89,-0.7365073420861835,0.22763831054004824,0.05924318174790001,-0.6693120230450263,0.19403539216153115
90,-0.33499525773715655,0.4649024512759795,0.1240949879011326,-0.33584996123150707,0.5047018516777929
91,-0.6928445309187311,0.47495678289727,0.13233217617778004,-0.640811923140871,0.2885078110439907
92,-0.4363101535997801,0.3619497064288947,0.08468476847550914,-0.39353978090916164,0.4238437716847846
93,-0.6161489520095337,0.30229551205722555,0.08574982860939108,-0.5860441673056505,0.385275303324754
94,-0.7042611710741558,0.5211615852272603,0.14607735805785066,-0.7403603381766111,0.28269957528492556
95,-0.6586009265938694,0.4722044686419839,0.026755443329856764,-0.8063225539925178,0.17887510698763498
96,-0.6628326355478663,0.16444879288501113,0.044682631395940135,-0.7146989463260106,0.1984315124962478
97,-0.6741826078851422,0.5754836583755413,0.11242292941785006,-0.815603496762804,0.1895327203735967
98,0.0,1.0410720262035498,0.21391205092449828,0.0,0.9999339912448376
99,-0.5946550004113579,0.27994621327820396,0.06569652115937698,-0.6495485836580643,0.24721841654105037
100,-0.6583164343276013,0.15131902111945586,0.04894934116399457,-0.6902841571015276,0.202945605155121
101,-0.6564761778310556,0.08943826197034363,0.029668634508626814,-0.6776749114458275,0.18928803618052498
102,-0.6780286621492017,0.5866135250141692,0.14107734635284586,-0.8214939367637963,0.19663640849665298
103,-0.5480313500130958,0.7896550737867392,0.24694500003280895,-0.7434657446439493,0.40996558366268665
104,-0.6332486027801529,0.1705081453657898,0.031205187006212432,-0.7536467747749369,0.13728965565606305
105,-0.6357899602004199,0.7032150785958788,0.2035119944161062,-0.7680616768503793,0.29059101330812054
106,-0.6230578510213207,0.2597218456255022,0.08195436116519039,-0.6878820814927133,0.13133012227860225
107,-0.6629132366362017,0.2665461820536051,0.07831022410665113,-0.7481565910993584,0.18979469850967917
108,-0.7184013188359332,0.3834485637557373,0.09123295783917122,-0.8494257575080353,0.24459611955609595
109,-0.631017651541242,0.29459596846784963,0.08585077905662401,-0.7024016515660582,0.209591772607184
110,-0.710358385096986,0.616894530742691,0.04834014749637671,-0.7951366381770676,0.20371975989884547
111,-0.4350327997986987,0.3416664198966017,0.08220277219780395,-0.47604532160329494,0.4308306003438933
112,-0.6570058804314124,0.4742663271115651,0.12767769965924367,-0.8312260736360196,0.1807847638491692
113,-0.6292208609087767,0.18556270698131408,0.05075895212480988,-0.6949683678901073,0.24362743992973865
114,-0.6139391927845501,0.3407273453356531,0.09463647857646984,-0.7199180849609165,0.13791114755474237
115,-0.6511295743350293,0.3019979316729535,0.0953488475574152,-0.7578974727605686,0.14198131865253766
116,-0.7200395490248248,0.1301282988985841,0.0392394356477621,-0.6874216314939133,0.1814377891977489
117,-0.6457421390279001,0.5331215436129101,0.1377444583422359,-0.8315128396585136,0.2088874036616563
118,-0.14433622780188382,0.6555567979063902,0.21674501885677488,-0.15634192672389557,0.7291534641170181
119,-0.5328063072744526,0.3800135880258004,0.09881026753994453,-0.5751183903852773,0.3019314583653683
120,-0.7191240876894052,0.6339361781318328,0.09974695765602927,-0.8371718070808258,0.24404240115374806
121,-0.7107262026057422,0.611165896506402,0.1492813049398273,-0.8202471600508396,0.26078403434896247
122,-0.6937272495432306,0.4155832816973544,0.0626620483109131,-0.739418035485516,0.16903114436443015
123,-0.6908900743255989,0.17700800585924684,0.0568546200387813,-0.7578250656024323,0.21469923458672746
125,-0.25423700832298946,0.7953297544953883,0.2346831962932757,-0.31959944405120644,0.6787906915641333
126,-0.3551326227947461,0.4460419678474274,0.112514578221536,-0.29852111885769184,0.5347337937778678
127,-0.7082189995730714,0.5164655208449935,0.05273059558451815,-0.8457143929605129,0.20817775448414047
128,-0.6619724923694121,0.18716099645548526,0.06648215762063524,-0.688798370037657,0.17745573001113066
129,-0.6922051486447649,0.687575311699254,0.1922669850861916,-0.7709852634625525,0.26905411088404385
130,-0.6192445303455463,0.2289375127525849,0.0492423072703242,-0.4881821340561805,0.29164165422478006
131,-0.7619777295758317,0.6689635487457507,0.0562222764072789,-0.9008144550682909,0.1988728102269798
132,-0.6069203994220728,0.15535456439260115,0.0435220986828775,-0.534149099414374,0.2041654221664221
133,-0.7181964631394671,0.5381798633289879,0.09159583175980744,-0.8006024138434189,0.21351620624080528
134,-0.7230985893846704,0.5336709338064286,0.10448880204431467,-0.8528676373036075,0.2550320955755849
135,-0.6712328459316049,0.2353543524809457,0.0636883171808063,-0.784417483739605,0.28118372739984665
136,-0.6351699266315358,0.21544936010508425,0.07017491589634152,-0.694495389961219,0.277915557561795
137,-0.6838600771324266,0.5140678523358935,0.14022037637748047,-0.7770751827381663,0.26502431662350334
138,-0.5902168592970042,0.1877818664669865,0.05124326097423133,-0.5971281916485932,0.2817053794289604
139,-0.6347221823142472,0.27873732158530096,0.08302333109718972,-0.703673832408863,0.3115359560682933
140,-0.5360957041648522,0.5130088550339771,0.13016851527949375,-0.3511008885441391,0.5715097186929117
141,-0.8257971750764583,0.16868482372270596,0.05116987309286837,-0.6608817792609122,0.24521116523656952
142,-0.6661222598466361,0.197159331650302,0.06648020669130854,-0.7218182836804001,0.2380299284412033
143,-0.6596264276836801,0.23059312269952856,0.06064416524184451,-0.7506303721548606,0.18866192852078323
144,-0.45190810235017975,0.3468061337541777,0.08152652634426594,-0.4870567901127007,0.41782399314224206
145,-0.5993946194720191,0.5277660644139562,0.17561388053704954,-0.6969870018806792,0.31221826469457836
146,-0.7196375606298425,0.11923264477406915,0.0631031866432049,-0.7164689049543906,0.20172624909478257
147,-0.8076906756722801,0.21347347876838071,0.05150994819913567,-0.7995563266496304,0.2829835896738442
148,-0.7754945222063236,0.16507728547438064,0.052435249480610575,-0.6488160268504548,0.23953709712669582
149,-0.3345270680570802,0.5819365586679565,0.15892538776426776,-0.3684567638347266,0.6529522527833534
150,-0.6155073728437775,0.3292658611285945,0.07127458494593357,-0.7320027343753669,0.12212880471005111
151,-0.6928269771122265,0.3415241112733775,0.098365522004014,-0.7021482734750141,0.18031450713689567
152,-0.6023271550691508,0.30869474135144936,0.08509317111341902,-0.6904533069640294,0.29743174683440354
153,-0.6200659472064503,0.8829456054757858,0.08492253501669349,-1.026379450735246,0.02154651204144155
154,-0.6811278588547132,0.22161778741872049,0.056060426892033464,-0.7244149277426601,0.2898539114797759
155,-0.543332642609121,0.4001980377111353,0.11669356696558487,-0.6320591790826806,0.23345746865966735
156,-0.6104124374788158,1.0189309061399558,0.1369248350699195,-1.0891678141669696,0.0
157,-0.5637955445408103,0.2803457781768149,0.07595548169189809,-0.6076899582306696,0.3205868930545296
158,-0.6537453613914197,0.3071418767438851,0.08711917916702164,-0.7244442119464777,0.20292604100395184
159,-0.8065259227092659,0.18812389643307453,0.08236220492913353,-0.649805490466209,0.2459395262076703
160,-0.5940698688074705,1.104914445831945,0.1612576180047109,-1.0407808695858505,0.09085221290032525
161,-0.3687405109526446,0.5014986425853593,0.11358045471787175,-0.3745484819492859,0.593082837917501
162,-0.6470410312506939,0.19930186968122526,0.0965737667043862,-0.6927441033767657,0.2557448751460122
163,-0.7149008746222116,0.42534266458734654,0.07876568007824104,-0.8320324847446618,0.167343770772469
164,-0.36519129049543403,0.7442155716125212,0.22583022488028145,-0.4792382861670286,0.5677542752169272
165,-0.679569930512372,0.5707530938887321,0.07533070507303452,-0.7482764968470244,0.2263597357569812
166,-0.6819996513215867,0.5887244526973167,0.16790337691584006,-0.79812005402965,0.3036231018856218
167,-0.6704600811958944,0.11941217274792967,0.026639976525544336,-0.6937787155799947,0.19731444528154732
168,-0.7518343606216573,0.7879850500270335,0.05959675403212372,-0.9187375289847082,0.22285953725717
169,-0.719104085476471,0.4648584156402042,0.05127583801716473,-0.7640054639054068,0.19303682519722107
170,-0.7351622514020588,0.6345043289138639,0.12914057181468294,-0.9413878090032166,0.23910231607491486
171,-0.6740653419962297,0.6544868385620182,0.349880925440707,-0.8872351297399211,0.18424041522758305
172,-0.655680991626217,0.6477572682342183,0.19484678710653924,-0.8465229374334775,0.21820108479260816
173,-0.62896586879756,0.3871569462582492,0.1879015548085875,-0.78519599415462,0.21212989240078856
174,-0.6653148681684241,0.315528269287175,0.11849061768528753,-0.808844763705897,0.21003859768976887
175,-0.3241013903046923,0.4926893019018745,0.1016834964220218,-0.31766295135994416,0.5801949699093383
176,-0.7381951162277729,0.7059702073761231,0.09364530217773348,-0.8717296635491156,0.2287748745149581
177,-0.7095188890324892,0.4931586000990712,0.038396709892886835,-0.7790032464678344,0.18958605061766776
178,-0.6748317810929061,0.7251852558385687,0.14568827519169386,-0.8776496364484602,0.2716133971201873
179,-0.5672524508408611,0.3081518788592515,0.10041971981699853,-0.6069205473856877,0.3437920433790434
180,-0.6946470705694098,0.7757247894588615,0.17224663443882424,-0.9202570091072334,0.2629463594236389
181,-0.7378333603123848,0.1811416857277274,0.045478380661723744,-0.6802714599252191,0.25953675623816563
182,-0.8723605595345829,0.4798768568952387,0.07340984541823738,-0.865987529080841,0.2572186007407965
183,-0.6155977621660558,0.20685332631576936,0.10040946204926347,-0.6151538658770639,0.2667021561211212
184,-0.799185170356163,0.5725723224978464,0.16668121034539046,-0.7852010645177512,0.38534177942007386
185,-0.6367210550683311,0.19688248680271386,0.042261730114079805,-0.642444190297777,0.1884830309296705
186,-1.0891669839061242,0.3936691935600979,0.10533067411884756,-0.5907442074234522,0.3615094974269448
187,-0.6853217733710231,0.6177449702424826,0.15244382377366825,-0.8087681690795822,0.20028058405292468
188,-0.6876187789726944,0.5142560336959556,0.19874440462163187,-0.8595267824257691,0.23711247115014708
189,-0.7033728384381476,0.3890595582523105,0.13345759765961282,-0.7335620340195074,0.32656128652778493
190,-0.6330604843179528,0.18757220672264724,0.07144189664654704,-0.6472309716626572,0.2102461553409786
191,-0.7761215087431179,0.2276624895712532,0.07602329092379803,-0.5965499365656723,0.26402179959919125
192,-0.8131762285804107,0.2214567377664369,0.060161692511952136,-0.5986316265596463,0.2717624170255868
193,-0.881511948426452,0.2570162838176799,0.07930623565870942,-0.7617387372625696,0.3005721830643816
194,-0.6442963306884445,0.2579936692535132,0.11305150534844492,-0.7059150492727502,0.2548767838420892
195,-0.6418018035091861,0.4912233077737226,0.17595788213933222,-0.842850030543368,0.14295815706720327
196,-0.7213726892381218,0.35135246940279685,0.08996201932038066,-0.6049713824891697,0.3647615021735391
197,-0.698281567200444,0.2784820279229952,0.08553200535150407,-0.6755735050348719,0.29454154586312253
198,-0.6794123938024835,0.4858682232394606,0.12402192821431428,-0.7460037300206549,0.23212868003347104
199,-0.7323456792708034,0.653229830691186,0.3426536979218332,-0.994129416884735,0.1759704119161029
200,-0.9220043328824519,0.31013990997939994,0.07911157117781477,-0.9247556427849809,0.3284444698141957
201,-0.6829071199083319,0.6045394305112011,0.1785663955301316,-0.8891152518960117,0.2528757927010282
202,-0.7616050560444084,0.1474871417742498,0.0416347913372993,-0.6084157093201458,0.21378239044346792
203,-0.7387000312414521,0.7389304152855946,0.11923640891704307,-0.921712450219156,0.2130006532388068
204,-0.6204134098886416,0.22168388520539106,0.05819567587026546,-0.6770380169452468,0.19891964321882843
205,-0.8883102968780187,0.28271331591126003,0.10012886803035287,-0.696477065482535,0.26295114724229385
206,-0.38917130375072495,0.7720491831934196,0.2309707797637877,-0.42438847322571693,0.6541862253784143
207,-0.6693046891509611,0.28437322217039457,0.0874462323513744,-0.7446361816981116,0.1700423999869447
208,-0.7304579915064855,0.21239124080869592,0.04361166474542705,-0.6187472264771345,0.22543749923090578
209,-0.6092403472468266,0.418722834939281,0.10318190855375706,-0.5913208513261875,0.355982237066917
210,-0.7598331357860992,0.9428852519820106,0.5498033061312452,-1.0988653345775241,0.31513042330907626
211,-0.6084835886064153,0.23212309591796645,0.09905783066370201,-0.7193196303223273,0.15645563172525265
212,-0.9244016413314154,0.5521221202508864,0.6152580704109449,-0.9206986382743828,0.4469263043209595
213,-0.6773624065374182,0.4275254189512124,0.09723338452392843,-0.6508691328156438,0.33992106831672303
214,-0.5691667960640275,0.6101693473213576,0.1853147686203868,-0.644712264732783,0.4674897747200232
215,-0.6528719837136092,0.09224502382421802,0.024215016025204726,-0.6798148617492173,0.17482745960056306
216,-0.6152333683372943,0.7105647675079224,0.16651720154159916,-0.7646252999041483,0.37786515634340656
217,-0.747515383528612,0.5689933456255213,0.13295832725166312,-0.830702137452642,0.27730092222577796
218,-0.6205618863517686,0.16679725042502466,0.04501956973228717,-0.6479568409834603,0.18593854790954167
219,-0.6713151354275243,0.4535476189195773,0.14337096630683088,-0.7183478659342825,0.30888863481227063
220,-0.6575816536610618,0.6964587220737006,0.14975543040934847,-0.7907412942757666,0.24845886261152816
221,-0.7449274334379197,0.9237948068322202,0.15973093562006524,-0.9978451332780457,0.2448252956959322
222,-0.7270195436018492,1.039600566275534,0.043960128284223784,-0.9443695445042604,0.23329833762074473
223,-0.5446117442927892,0.31496356106327345,0.08728814652733048,-0.5696219733826302,0.33456119350222013
224,-0.449262399363071,0.287542005736183,0.07309018117924575,-0.4539240594056183,0.3160405743836764
225,-0.6629719925355855,0.23372108968651645,0.057394943487595024,-0.7290859255494521,0.14715096049451873
226,-0.6979989525924838,0.4318113228247624,0.06279866084585617,-0.7995343411384875,0.17066923315723692
227,-0.7928889234329721,0.3514550082630532,0.10045842671215513,-0.675855549392104,0.2761896995748719
228,-0.48737627683027057,0.5842804757357386,0.1618835421973726,-0.5792453632506551,0.441172617944831
229,-0.8089022690330934,0.17703185715140762,0.0441527480776019,-0.6533796176566036,0.2474479902734105
230,-0.7219043048747869,0.6813616497963423,0.09526612774479468,-0.945970500849689,0.27029979739276877
231,-0.3833393291754417,0.6786539922852588,0.190503385419588,-0.44414923425722924,0.5858971140842453
232,-0.6892708026036606,0.5612041930895791,0.031006625982566236,-0.8150239513504516,0.21955959411111325
233,-0.8296506527638616,0.27236255204159915,0.0805674612188921,-0.654584017199865,0.2866164806443134
234,-0.657738941468584,0.7085261207886615,0.1880045910782255,-0.8665894141970355,0.3304579018167759
235,-0.2641113986244569,0.7772178232309076,0.2317551665963238,-0.37708203682011415,0.6604176877263925
236,-0.5359906856471286,0.7182546878455492,0.2389748203345147,-0.6856395415298744,0.4130087639912826
237,-0.20402220633678086,0.6703144112474354,0.17615051741651158,-0.25228455552920204,0.6558260666549985
238,-0.6754807851461342,0.4819118137706013,0.0637042180410784,-0.8662877523488566,0.11918550028373107
239,-0.4925841603129272,0.37910720872093945,0.09924727276707744,-0.49113572919931947,0.38476957690408486
240,-0.5340623573472618,0.3944709556671607,0.11959892545904158,-0.6001098580333928,0.3262351263120947
241,-0.6836685088987704,0.4002938373899455,0.10518158478459362,-0.8623479393285539,0.18708071096600115
242,-0.6524834020760367,0.13635488155350795,0.04258970152552105,-0.6351409611173096,0.170774618396923
243,-0.7280388504279187,0.15315909608480874,0.047288186289958345,-0.5794547524845638,0.20254274544151268
244,-0.6571404187739317,0.14392432369706676,0.032380663464976256,-0.68827199342987,0.20540879334233852
245,-0.6112120454756678,0.14943910219624038,0.03982290419346205,-0.6484745023747782,0.1704432877554377
246,-0.5881654482384304,0.2327841819754607,0.06279304351363714,-0.5965655994818004,0.2873634910333451
247,-0.704784908703734,0.19119353420028304,0.06848916050511487,-0.5947284287625455,0.2298443100100303
248,-0.723566857294329,0.34108514015270963,0.1143088887266749,-0.675266716222452,0.3068317787814783
249,-0.5774685021646063,0.4528907010458032,0.11469261344595699,-0.5337762345969305,0.3955578965132719
250,-0.5626090612402078,0.2976391869756589,0.050882626611707504,-0.4994714795834121,0.3078683736416469
251,-0.6728044696693645,0.5358905085770891,0.07050318535879674,-0.8836023917655882,0.17856471229744558
252,-0.7803134687089779,1.0372808555759416,0.11172590400101244,-1.0934114094615406,0.22665013037322004
253,-0.6463214419196927,0.3568105913369927,0.10766852684724199,-0.6791507492194846,0.279357244770021
254,-0.7428871308695446,1.2488987833737089,0.1168715966245979,-1.1751426057493153,0.22714459214369997
255,-0.6546898413343969,0.5475792297485178,0.15404761768375894,-0.8479777392013693,0.1508419445985688
256,-0.6669958797798017,0.98525070098655,0.28573565781026344,-0.9345623910535055,0.31252859871187055
257,-0.6747110445461345,0.565193895553225,0.050121538064971716,-0.9073254955109249,0.15670678267289284
258,-0.7386667438485797,0.8362666014283633,0.1541364274655007,-1.031572435401958,0.20816666137411327
259,-0.615606565200806,0.3911835829291877,0.1180932884613197,-0.6756658578985231,0.2734770414082561
260,-0.7275852065252498,0.8463676097627342,0.1926808301759308,-0.9922525380349996,0.2786838718138508
261,-0.7234939706813532,0.5334898374137624,0.10244037728298347,-0.8584576547218553,0.28633229778656333
262,-0.6835578710813667,0.2189795107252567,0.0703001076047238,-0.7234711399426463,0.16577495409583967
263,-0.6340826284216389,1.1137990613994515,0.3226792942469827,-0.8876668978468376,0.4319083086742821
264,-0.3081663785906637,0.4206708437468288,0.08980232516821975,-0.2875246968049526,0.5070962090168355
265,-0.7036653038283287,0.6523782963298587,0.178106628578965,-0.9253768071619846,0.1627303452982652
266,-0.7680235687157301,0.6848056659336961,0.0514308511840922,-0.9442606082910465,0.17551746639981858
267,-0.6274231154677102,0.5543307891673837,0.14165691691453505,-0.7935482748247628,0.20120045124426594
268,-0.7239136932917065,0.3835023479261631,0.11875632566440054,-0.7458963693641072,0.23255668500857132
269,-0.6798704643272206,0.364726359678872,0.11208601171948766,-0.7636986551246487,0.15601718721554908
270,-0.7836711209509457,0.3940871485384556,0.04685068033166572,-0.8553655692526312,0.1592224835012659
271,-0.613850950316368,0.3411801249512111,0.09905179660236912,-0.6619513934185471,0.2147583918188134
272,-0.6510879317967919,0.6952266721804251,0.20223628503213184,-0.8279296808053913,0.2345196640944248
273,-0.6357485638338451,0.2051648529502749,0.05420663196554332,-0.6217986025623056,0.2524765944612858
274,-0.589373882287926,0.7629658591949912,0.2512439161264067,-0.7649597965463042,0.35649038639380015
275,-0.7271557512108716,1.4750914542886358,0.1809032323665804,-1.183824023445521,0.3745096123305893
276,-0.7001929408145117,0.4239796936093823,0.06803446325067478,-0.807597974330386,0.19751851769008058
277,-0.6780268752307889,0.27546570560748923,0.06559451988917027,-0.7354632870284946,0.20796271269958339
278,-0.6065072882503397,0.7358808398444676,0.23819213744546325,-0.7800585381353776,0.29837358884873766
279,-0.6834437864720976,0.9180205794867876,0.03514242193556892,-0.886209083286305,0.2980221089435383
280,-0.7037166846822428,0.9797804240930962,0.058084910261651586,-0.9329554408383809,0.31713407119703824
281,-0.5744758583553164,0.3280340908387731,0.09515363652863404,-0.6401094919196316,0.29380260874495523
282,-0.4782209990492017,0.3779360253535789,0.10957243447076608,-0.5257705586873793,0.4010250470756286
283,-0.7078344067191195,1.0955198437280642,0.06008928039952915,-1.105603930864519,0.19062891766582118
284,-0.6656081346307358,1.1504058369134529,0.1410332335717638,-1.1063744925326322,0.24750862038414978
285,-0.6490971909809069,1.264406857891221,0.2123171666731636,-1.1327675906530745,0.30047790817072406
286,-0.8401340308037025,1.9991898250661155,0.10774027957532828,-1.3250327507079507,0.5605160860754823
287,-0.753902965170198,0.9670798242592872,0.2018103061074288,-0.9654831414063059,0.33658719844092433
288,-0.7365916163236763,0.6509323155298682,0.043392649179039657,-0.987566370584223,0.2666174856150174
289,-0.711228551294531,0.5367144969936428,0.12247084905600615,-0.8662522346911676,0.31290902172788115
290,-0.7033986762816727,0.6761592735230495,0.09411439506604526,-0.8994587558536628,0.21006647551321184
291,-0.6919519973192096,0.6279701595360242,0.12731368301355636,-0.8912594238537057,0.26269407927929106
292,-0.7570922316571828,1.1307212109705511,0.21483064596469376,-1.1156400787748209,0.27176532807894915
293,-0.7176163074349999,0.9283323165936112,0.12818710195886346,-0.9772835207330652,0.2273969348053459
294,-0.608502547382954,0.12968684809072253,0.03053200807701459,-0.567962384319758,0.21766968971812187
295,-0.7509530897443968,0.7217543855219604,0.04126789872228484,-0.8627213700848038,0.2829961003367663
296,-0.6507118630847508,0.12952530961505676,0.033319076642138165,-0.6483005707853854,0.1932950200667589
297,-0.7101804364642004,0.3854653813539352,0.07010126209477291,-0.8838026708052186,0.20829548936561149
298,-0.6905139934198683,0.510284418093616,0.10656393726204012,-0.778501082208085,0.17216853855285139
299,-0.6808707438165568,0.30711970632984154,0.07146689148734732,-0.8028863431590254,0.22339083791137865
300,-0.7228381477024246,0.5266546991212999,0.05364400324497882,-0.832602028581635,0.1598338191556899
301,-0.4799608657350939,0.4057250552894442,0.10814664080951986,-0.4863957690144781,0.4533979826334915
302,-0.8916904617271603,1.1062432107014053,0.0582330810352305,-1.19336796605633,0.4054819695783206
303,-0.5292840752024744,0.32155050729527296,0.08273809903892848,-0.47746387876278157,0.33422510252506854
304,-0.5028856226695775,0.4806032917056309,0.16691748280823498,-0.5586063850218262,0.3766028526623827
305,-0.6244677478483959,0.2838995214020731,0.0797548488053813,-0.7025051663353382,0.2497362190389959
306,-0.53958054641211,0.4938187050539818,0.18327723031665905,-0.6875225556926591,0.29370531899974145
307,-0.5928124052325805,0.2974226814639702,0.09854662244002774,-0.6593416919727596,0.21106680519105642
308,-0.6017181683043866,1.1753803339694993,0.40394964397609306,-0.8638794938702421,0.48214014219710255
309,-0.7531841390707406,1.5986639165506502,0.06316927578974961,-1.176257454233019,0.3465423653334041
310,-0.6618048601628143,0.6774988384487719,0.2151862728270084,-0.8213013810010081,0.17321980631304698
311,-0.6987677998810421,0.7747255490192471,0.19970917977809585,-0.8624936011642144,0.21321681733143083
312,-0.6138939430285669,0.163863146308596,0.04364147288239655,-0.6709094035934077,0.21466870628148654
313,-0.7387714855060915,0.8191019708810026,0.07605122130788393,-0.9952148969480452,0.2501172717926635
314,-0.7004905356173649,0.5975058579651079,0.04860907572842238,-0.8678278293381667,0.16782824544801356
315,-0.6912007395088119,0.6437999446295685,0.03749561843942722,-0.8793997341462982,0.16650065457738347
316,-0.1964106566965375,0.6546334535966233,0.1605281307343667,-0.22958127153455415,0.6375482187790554
317,-0.6069897376098643,0.2481874030431671,0.06621707430271265,-0.742688944415785,0.16979090005142244
318,-0.8602513053730605,0.2869631134124557,0.07916343604738653,-0.8527450419848528,0.3079355707561526
319,-1.0523255745679592,1.1750049176643171,0.27582034518824755,-1.1375109751310624,0.17084125734789032
320,-0.6764958519774126,0.43282133360599456,0.11078613747061264,-0.6398153675440149,0.4212608987925941
321,-0.6525995676633508,0.37518633266881135,0.11706889240023068,-0.7604489434756813,0.21060971586919852
322,-0.7857845283651501,1.487098253813627,0.0882329035216731,-1.182486239793083,0.23238039858823104
323,-0.6372953091560695,0.21575842749626672,0.06630537601250518,-0.5935912854793347,0.28472954016668883
324,-0.5786986994820188,0.5828474591241003,0.21939258664209352,-0.6319273681811017,0.39294468243666747
325,-0.6691029342615025,0.2775585142128577,0.08169837285057578,-0.7126242088277093,0.21698399198774504
326,-0.48858021790219974,0.7960214001859703,0.26033706481706065,-0.6694162085734484,0.5159682887661406
327,-0.4722497434666665,0.8505982068587187,0.2954168984239746,-0.5672737747734179,0.5261404321754365
328,-0.5910912000692179,0.5605828951924315,0.17434212794837267,-0.7073757526347139,0.3600072255414586
329,-0.7162174093725386,1.1910068968573702,0.2137139606230632,-1.1617872303001082,0.2969394961535308
330,-0.7871724463782068,1.1959208763754248,0.15826361794495167,-1.1925489467702959,0.2624250319449916
331,-0.6685437352959381,0.5064007763463211,0.14163809191831322,-0.8011944228425105,0.17389253779430597
332,-0.7346421763523248,0.5794844329035869,0.03404154600352627,-0.8424688153312627,0.26721013266566723
333,-0.6415031611113089,0.3403714690276393,0.09986176898058233,-0.6788676711409697,0.368029368071374
334,-0.6654818789854292,0.14575732469931546,0.03521145850226158,-0.6753784618575355,0.1411389211716946
335,-0.5697742434338611,0.6022403373475244,0.1631110255008901,-0.7059883752312718,0.2112921139794831
336,-0.5817964067204038,0.6927251001491035,0.2462417933340239,-0.650512187433485,0.41408970607337525
337,-0.40049349930896344,0.5341911793659379,0.13894468787052575,-0.4435816413449494,0.5616763866126246
338,-0.3876885548753285,0.5157028484406937,0.14726797615702392,-0.42481999230037376,0.4576897718010866
339,-0.678383207148472,0.6640659759330714,0.14802012859751112,-0.8851480289391809,0.2967915664963833
340,-0.675313873474284,0.41311638357410796,0.12912947841452332,-0.7070965577833676,0.3041351014282847
341,-0.6638006148207217,0.24132289154855496,0.06511298844252637,-0.7244403907617235,0.1718848542898977
342,-0.5365648547879851,0.4931395817351067,0.12596218261393968,-0.6224459970199857,0.28446184694347987
343,-0.4936352936830076,0.5838278601135067,0.18674676049451272,-0.5521680049439996,0.5267331630729309
344,-0.6779133682534334,0.5519137413292542,0.1501898882008511,-0.7764309569402371,0.2780585030582574
345,-0.6540234838851631,0.4542985732214188,0.031927641572292616,-0.8246782441619719,0.10172449586809568
346,-0.6701545449222732,0.4049537845849354,0.10103606625156243,-0.7812674652772325,0.17055600521313763
347,-0.7196924725691884,0.2601346392294278,0.08928209855425419,-0.7561569933594866,0.2581660638945014
348,-0.7215955858154484,0.4780723056073256,0.059401279116426335,-0.8174667686786824,0.15268290167681783
349,-0.7233700036322097,1.6071838998378585,0.13417488989198384,-1.2906516707289508,0.23068754839398456
350,-0.6327624300195936,0.454892809620751,0.15314011253277254,-0.7521115885533821,0.18042980187702887
351,-0.7042525424653643,0.32299730443664754,0.09568114382087263,-0.7085417335976681,0.30882502008930257
352,-0.7297034362923539,0.563989709226048,0.11555840508078714,-0.911030197223152,0.15500863868913434
353,-0.7223199890362318,0.6047601579819283,0.04574848893615148,-0.855293419576847,0.14668681746293222
354,-0.6638712003098632,0.5442326072764525,0.13982904849110575,-0.8648503211248177,0.235387184304059
355,-0.7292191098730028,0.1994016924794628,0.0646970280072151,-0.7480620154138006,0.2508751567312725
356,-0.6041245063425581,0.6399382127133462,0.2203235051103206,-0.7203051735167842,0.36710803167935013
357,-0.5960251805022025,0.8290431724915409,0.23861147225527465,-0.7580067890437767,0.3366636625969519
358,-0.6394005518258644,0.2893064515311146,0.07930633581886153,-0.7152340699463686,0.1495521857946428
359,-0.7421035882570067,0.22131811692453346,0.0850381316055009,-0.7457362362255893,0.2595537084611675
360,-0.6951353143168613,0.3911413709906232,0.09279491064026127,-0.8146244612225395,0.20823107198141977
361,-0.6853247865076781,0.9094101696999608,0.1741368736707817,-0.8730793733730953,0.2675758434874625
362,-0.747054383057813,0.2911057905839797,0.08519269739378657,-0.7468931628595344,0.2557598587940947
363,-0.6647294731345487,0.27307235650122474,0.08599618111907074,-0.6833111962398775,0.1909302094183345
364,-0.6976663887453501,0.24831297833254926,0.07500209939425148,-0.5699692709847789,0.33943646379847325
365,-0.6715509714740338,0.2124113720272713,0.07139343039909585,-0.7012483920969538,0.2100209338583607
366,-0.671306469597335,0.30923155103069844,0.0778086637032279,-0.5514823062448526,0.31793149817977917
367,-0.6824615628977992,0.9447230194754542,0.06149621680032525,-1.0535565436655103,0.25188492400909057
368,-0.6410631559183316,0.24621145461016816,0.07424580852031608,-0.6912065938199818,0.28818175617619757
369,-0.625691806542928,0.3279263733288178,0.120921635966573,-0.6689561651935015,0.23472924892256455
370,-0.42848268405029216,0.5292219258925983,0.14561108360794447,-0.2980896718410668,0.6019776575485212
371,-0.6288345438010523,0.7260021202928958,0.24469403292041694,-0.7117496923964464,0.3954735360269731
372,-0.6074308598446427,0.5926125914922676,0.1942940106262571,-0.6333813992455646,0.398237049595938
373,-0.53832512567772,0.2922429617531341,0.059429335468690676,-0.4859797983480817,0.3840687760549113
374,-0.7068160262737221,0.5530736204743435,0.04109255408576073,-0.948653055576846,0.18171177548214495
375,-0.688483972450071,0.8824273066299481,0.06885343657903215,-0.991882126424821,0.16040697917496913
376,-0.6679482878541119,0.7628042220329763,0.15838816104588144,-0.9835715860288892,0.099783851932513
377,-0.6507512299798037,0.4642284357515145,0.1373298447086449,-0.7892473572224175,0.12741385778700046
378,-0.6214568231438997,0.29909414132101103,0.0963305139828592,-0.6775562417323653,0.3211444475688019
379,-0.6338428673648533,0.28536898917990583,0.08114877674122449,-0.6768496660656214,0.15848912541199373
380,-0.7081516758709495,0.139969929321134,0.04143172133407798,-0.6998809952348586,0.21673201774255713
381,-0.6157825208493796,0.6004117735547149,0.12669084476025438,-0.6582389171496839,0.36639698427126044
382,-0.5996423405559146,0.1921629069667377,0.04417271376512087,-0.6507190301244614,0.25056694476748026
383,-0.7938061118791643,0.5286644807785784,0.10733809854463704,-0.8343522071529481,0.25757078678241635
384,-0.6864465979802205,0.20277735297572685,0.04231010868474239,-0.6946414206749705,0.22231397213705917
385,-0.7353733068094531,0.5317183206950092,0.0751971896627883,-0.8376969527482896,0.17295688740542164
386,-0.6498449014401451,0.4706059791294587,0.1160688615043158,-0.6859271105846739,0.2676207042828657
387,-0.6571078312291395,0.1196090264959106,0.030568550983678437,-0.6724043421850103,0.1429490442541509
388,-0.6106450092563358,1.4787661808294406,0.07116582281937035,-1.2337439262870786,0.21032612970429354
389,-0.8146963797963018,0.22237066433684274,0.06435877470105382,-0.7230114183530729,0.1780634209487728
390,-0.7648979370872249,0.7268431126297594,0.04901984067928161,-0.8904189515981202,0.15267628763374494
391,-0.6488726029693336,0.4158592803730313,0.056125196621762234,-0.7999684298138716,0.15564795907069806
392,-0.8044340149282663,0.08969173481180649,0.02683839371700757,-0.6405711738291527,0.17846696687436256
393,-0.7960642523186323,0.2741595289358217,0.07887851548556525,-0.696537343963973,0.1470363442675136
394,-0.666573737237195,0.3365608375046628,0.06618411206360471,-0.7385654767169576,0.16644627444487795
395,-0.521066869868548,0.3686485805025641,0.11208785167778387,-0.5513075256102468,0.42190101894503784
396,-0.7332803037215765,0.5410421292693794,0.04430704187224802,-0.7624116995638841,0.17927751073153425
397,-0.567319201576676,0.3504771834865628,0.07429048632494842,-0.6253627248858108,0.2186247841087362
398,-0.5712053805994721,0.4727284098906214,0.10702335423785148,-0.7093920364469535,0.20976772481716557
399,-0.7104907330315859,0.7314588032904437,0.1857139228773442,-0.8862579194766205,0.34921775681683187
400,-0.7372743361389156,0.9392043208193476,0.15703805170051066,-0.9405449275799269,0.21755916891124333
401,-0.66485720102728,0.3624270110583393,0.10287850463865514,-0.7356013736157254,0.19040253362346465
402,-0.6804568737658363,0.6413033663033771,0.1761143574092007,-0.7656878378739491,0.2968059982349213
403,-0.6716261156712401,0.17760870361966555,0.044581850065999934,-0.6553318125206161,0.17557207230574964
404,-0.7780129063267556,0.4493780774200849,0.13111390893674765,-0.7647352813499165,0.26879257772769993
405,-0.6378586741313484,0.5237536030749276,0.14394511148020406,-0.7973530204298234,0.2479928539627552
406,-0.6444073326326204,0.18674495662881369,0.042284489229312536,-0.6920139174183872,0.1532094927264081
407,-0.6346945757744397,0.8530549619174393,0.25461486505428377,-0.854440157648436,0.2653691987421605
408,-0.9369985110922074,0.5652098201492958,0.16644465331372438,-0.423578549301998,0.5961597381100271
409,-0.6739552258220698,0.5016178006492993,0.14126200669334185,-0.7221714686386693,0.25748689330714625
410,-0.603866223668776,0.4590101370549632,0.1374833222283446,-0.6470414036211085,0.4112764970081173
411,-0.3073661209682247,0.8432927561995571,0.2434687010439987,-0.4712084128237465,0.3905322711209349
412,-0.5219986856772625,0.7743573768345438,0.2427136803875364,-0.7486582550087169,0.2108966300460223
413,-0.6432429719072505,1.0340417160611617,0.18504479672871052,-1.1058826751797157,0.07004703138594634
414,-0.622116520954638,0.1795968136281667,0.04620470126703875,-0.6127620536066426,0.20776596707291878
415,-0.776602246997776,1.3162998250959512,0.07049142852537174,-1.0862114107179108,0.2298757968645604
416,-0.7888402030585439,0.360366428891558,0.09576790015121536,-1.0719715950303368,0.3166324947119866
417,-0.7155630246397316,1.0169239338150309,0.050357752732072866,-1.0973126727320248,0.16502569306666048
418,-0.7486715215331761,0.5392549660239353,0.11506629656558524,-0.8055379358292083,0.2657211305731523
419,-0.7430025724181049,0.5164671802636205,0.14536061911556153,-0.791885439553683,0.1931746838351786
420,-0.7995110723646519,0.18352595493015936,0.04186282511576132,-0.7950170499106562,0.26143749861974475
421,-0.6404860716261904,0.4915705356458404,0.09198782147740876,-0.8071452878379934,0.180849740815045
422,-0.710215586625508,0.2397852230268654,0.08489070041215496,-0.8219278127039804,0.2516353218659415
423,-0.36347910923651444,0.5220933014657723,0.15144348472260005,-0.3604461623829899,0.3017781101567013
424,-0.6125409581642424,0.5846579997222334,0.14174211779642312,-0.4368873512687428,0.4582655072347164
425,-0.6348964982939009,0.5601640740032912,0.030219340548122142,-0.8148493290714733,0.035671951604285185
426,-0.41197404315851033,0.3905767255332052,0.08691388273920679,-0.4022656516873221,0.4512549008858071
427,-0.7007076914385383,0.5096001001694506,0.18106033461659465,-1.041619855779945,0.26575247234801835
428,-0.5980185891159372,0.3504092655224531,0.0857678891543202,-0.5248962259444386,0.37707968658735713
429,-0.6579424427862298,0.2505666841977447,0.060629700166642486,-0.5934466082444162,0.24293410711436034
430,-0.7239360642736007,0.7008565376788053,0.07812582682178011,-1.0527592105442358,0.23120537013296935
431,-0.45921391817316093,0.5220859587779956,0.11784679448546248,-0.4470557545448775,0.2676020296296428
432,-0.7025479639549164,0.758878094807639,0.0940938447468679,-0.9245944922014562,0.1692023335010237
433,-0.7970852164082767,1.3567517802856979,0.07449034099058344,-1.1339567734021219,0.2845060637072922
434,-0.70489714840752,0.1227405028050654,0.03848883192654275,-0.7089446106233485,0.19699043917110975
435,-0.6890694145130352,0.36708490975056096,0.09608827104778064,-0.8325755588038903,0.2829394657723988
436,-0.692941885819946,0.3580804867216437,0.10696183307696563,-0.7696633825808158,0.25880108195833296
437,-0.6861327759596016,0.4832749236984992,0.06745630911247795,-0.8402840316096999,0.19461280911045162
438,-0.6383220377149577,0.1503909734246332,0.0473985015736923,-0.652281725660257,0.2423824935271097
439,-0.6988939653088125,0.1846474789907891,0.04459122545927165,-0.7508470773410816,0.22998716593257773
440,-0.7464593702950733,1.0321339877154851,0.061215392998967236,-1.0021711533172235,0.2811471352821814
441,-0.7478623591031577,1.0115126404219053,0.06169709618408423,-1.005776508819603,0.2878908195781448
442,-0.7544961326599461,0.99301610973553,0.0618598206544987,-0.9911758219585318,0.27569420923356663
443,-0.6998669314193956,0.8425033978639579,0.10301476178363128,-0.8909872203884095,0.25883540750995454
444,-0.07707061939645343,0.7592263610716905,0.17209820602379167,-0.1050244213210001,0.7715658083952182
445,-0.6504081690303053,0.5678861969847208,0.1902919903735192,-0.7729322825600362,0.21256020181534302
446,-0.5564274096488865,0.629060389029021,0.2046366506018488,-0.629713587000997,0.4050400021596826
447,-0.6226662606592798,0.5785330471896485,0.19685083191758496,-0.6979698821352859,0.3285002282286602
448,-0.6066332165424408,0.4644022497283438,0.14745000884793708,-0.7622886337256382,0.22801066163833628
449,-0.6910547072858206,0.5440135947281847,0.09565663727438474,-0.8481525782301101,0.2374743217769238
450,-0.6553242664945635,0.1386317446447124,0.040869838877836975,-0.6892467767534041,0.16828402794993796
451,-0.7411997838232036,0.7148840801984216,0.06175205349844224,-0.9782544992477331,0.2316211067290984
452,-0.6238041473580411,1.2024255495623692,0.2668100832283582,-0.9391631321017088,0.3467851624701268
453,-0.6464034655381896,1.1825131851677586,0.23724112236537204,-0.9904630662595131,0.3158456291435078
454,-0.7352627543242849,0.7956899411315229,0.19546149250643646,-0.9636328832969243,0.35515679982873494
455,-0.7777240022701114,0.8707713933145261,0.1272659294124817,-0.9509772439735289,0.22718011977941216
456,-0.6939294549819631,0.707751458550152,0.13308371257574594,-0.805144036739913,0.2441845275058565
457,-0.7019371691248846,0.5903310426095303,0.12095935716488285,-0.8358911838443006,0.24350456374925777
458,-0.6623192178084585,0.3036858343119765,0.09442615719332363,-0.6803965022635418,0.1652500018358515
459,-0.6079126455644722,0.04310531948110196,0.012409469058356435,-0.6024989916968121,0.1363794115194678
460,-0.6461613542558856,0.2779626808394001,0.0913959303134916,-0.6850586111186093,0.19432413864941328
461,-0.6963150845444335,0.6715404839569608,0.12843642764198654,-0.9198000896191849,0.3082437818698933
462,-0.7759337478173375,1.091598072066562,0.06462974147079603,-1.0796785188239233,0.20985462063723456
463,-0.6170517925832543,0.5181668573972515,0.1233325090343304,-0.7250180714971812,0.2640482743948376
464,-0.6645799833835861,0.7867944559765202,0.15439736487795802,-0.8286996951807882,0.26805436277397876
465,-0.7404439082418244,0.7972518857846096,0.061210106895420086,-0.9539974010344903,0.25662004190536875
466,-0.7348155997458086,0.7880125639284414,0.060583376971533515,-0.9444945947827492,0.25283712475011777
467,-0.6145698074485518,0.6206284431317813,0.13470718057423747,-0.6790393764999813,0.34100736032795576
468,-0.6760720435146242,0.4871966639302771,0.13771683663806847,-0.7316464662664917,0.26226915390421945
469,-0.44156849038140594,0.5253410977915208,0.15274514824395138,-0.4884753463946453,0.5065538973629683
470,-0.6886394826067551,0.5987537813876906,0.11161201213450317,-0.8036678421560178,0.19728415103147184
471,-0.6729184435057407,0.7664357840163418,0.04893812741267695,-0.9449228227585785,0.18754828038625357
472,-0.6038243301644696,0.17055781662751687,0.049605459889475866,-0.6713999202083725,0.14865175130741903
473,-0.6538704107026341,0.24965113052759474,0.06561010699236808,-0.7085265990534192,0.20445216742288952
474,-0.7236776030715435,0.7780336202488847,0.07054837117110463,-0.9785843285328997,0.28189342478128737
475,-0.6662303058501831,0.31254137263215753,0.07774892242909191,-0.434484451123275,0.36310746255116466
476,-0.6046710598172675,0.6745852584843526,0.162873708235281,-0.8482908324532388,0.161739181992951
477,-0.5388925833020637,0.6296331052042127,0.19312635894942534,-0.7786666514832357,0.1660018011143233
478,-0.6537091249410191,0.6314309921310479,0.1355878345420885,-0.8531963116322774,0.1709329157908377
479,-0.7360917866493564,1.0004672756780022,0.0511044916147508,-0.9961314526151044,0.2684549546461126
480,-0.6422716522897668,0.5185239795734323,0.16120654781472135,-0.7394641165692655,0.23566877173994313
481,-0.7057852421592883,1.7900800773959842,0.08232600196651055,-1.3967113073062118,0.29398244577244936
482,-0.6255820875745502,0.3400724897749174,0.09737721670589852,-0.6670600274413208,0.2882656982313887
483,-0.6877000445918044,0.6426267194139824,0.17651945666555935,-0.8015604395067044,0.34676447293455936
484,-0.7033299817723684,0.22952226581184115,0.06960903344951426,-0.7195679554197049,0.2654354126145144
485,-0.7382772078299118,0.6059098858332612,0.05130645529094824,-0.881072742766656,0.20229829358298002
486,-0.6643239389354408,0.3032617789314794,0.092269216351108,-0.7821870889652407,0.1793752646657343
487,-0.6439147381082687,0.3448032809843313,0.0992092050154104,-0.7766203809319656,0.10753366540939084
488,-0.6812897214108861,0.19685742441367415,0.058382225833817324,-0.7619804739947772,0.20319600326339882
489,-0.6528591140214132,0.2858216327614074,0.08935277446979968,-0.7666710141290034,0.1690886675677834
490,-0.6759417083889532,0.18052494686682904,0.046694791779206664,-0.5579941399947015,0.23243322625236648
491,-0.3057351916101571,0.5364673795698007,0.1435558746664835,-0.4344871099465463,0.4836801434340974
492,-0.5751983643833641,0.6488687336468961,0.1777157568379462,-0.6947224724736104,0.3554386205941402
493,-0.7164750617928934,1.2751915195989252,0.19712786945380234,-1.1959094904558896,0.20159864062651506
494,-0.6563314195018558,0.5758419863654829,0.16119126096581515,-0.8609847526280217,0.2157283226335832
495,-0.640274086582642,0.2241674765901359,0.06989514628460346,-0.729991171681193,0.2464257919898715
496,-0.7273177553497493,0.2316680177351519,0.048461544703877306,-0.733767185550893,0.2833774138587898
497,-0.6546174055796993,0.8571124612090688,0.12885026961103666,-0.8684827194591582,0.24913380893798698
498,-0.6329602836859123,0.3389073201519787,0.09883348091844324,-0.6702479986384202,0.13551223273089102
499,-0.6065017101908219,0.4340108648081676,0.14128321082305445,-0.7284544357922547,0.17674713558026173
500,-0.5694253668769009,0.39932519420643176,0.11527416389720654,-0.7206301485506023,0.13714617896915232
501,-0.607948555887665,0.4244243132408984,0.14660436128448934,-0.7310661201924077,0.19178465072827272
502,-0.6735970492121761,0.24311985300690814,0.07536560616086557,-0.8079601594125919,0.20689898119473665
503,-0.6730603068534216,0.7666305544443951,0.19011248769246786,-0.8583389960699304,0.2718896868390005
504,-0.6312543249592671,0.4941931484747533,0.11786967783120955,-0.936416196078343,0.17866742403024827
505,-0.9659890644709382,1.4163333074935571,0.07651102126976103,-1.129686155385807,0.4151313037216141
506,-0.684111344938128,0.3048046457981436,0.08043603596637969,-0.7100232495601927,0.18258467404896628
507,-0.6746217743694476,0.7776711447912691,0.05487770706321818,-0.9810185160041397,0.2809958984183988
508,-0.7647768733915185,0.358655720406201,0.1693186871448277,-0.7395856166697858,0.26784835753187863
509,-0.7528342791274569,0.35746139107692204,0.15098665930928962,-0.7496656838963536,0.28091552123296015
510,-0.7346191916594167,0.3984183384841068,0.06556960846448477,-0.6586577690769315,0.15182850504499715
511,-0.6827735533328788,1.1940871596896607,0.05611087129324454,-1.1985598091665615,0.17995989357648412
512,-0.9556570209313942,1.3091642923946387,0.12780088768404796,-1.1027653243413056,0.4062768666455795
513,-0.949014937414983,1.2878416966482966,0.07548002084697364,-1.091138939661981,0.3956895101867556
514,-0.7183246735656381,0.34970343175915003,0.1110126173184362,-0.7554330402988532,0.2754966444181258
515,-0.9477199687845251,0.6319212409367809,0.18245272522531544,-0.9216566676888169,0.1868412556850667
516,-0.8222269821280263,0.7937628734869625,0.26826745095849386,-0.9346974647435586,0.5163433120872937
517,-0.633644811126201,0.39823640252371656,0.1304769825661264,-0.7729727437768372,0.3468180804219416
518,-0.8488294043230347,0.7368518789736228,0.3488170148283355,-0.8946689898042042,0.3775958997904568
519,-0.7032837173165313,0.43317377233595095,0.06348549721442874,-0.8190240053409339,0.1742582638665649
520,-0.7115352057791533,0.7730007220667526,0.16363980164609795,-0.7852900653228942,0.30130458195491905
521,-0.5999829650869479,0.2795502805387381,0.08324385891273575,-0.6831346216591517,0.19185247329142957
